<?xml version="1.0" encoding="utf-8"?>
<!DOCTYPE hibernate-mapping PUBLIC "-//Hibernate/Hibernate Mapping DTD 3.0//EN"
"http://www.hibernate.org/dtd/hibernate-mapping-3.0.dtd">
<!-- 
    Mapping file autogenerated by MyEclipse Persistence Tools
-->
<hibernate-mapping>
    <class name="com.xuan.ida.entities.DataInput" table="DataInput" schema="dbo" catalog="dbIDA">
        <id name="inputId" type="java.lang.String">
            <column name="input_Id" />
            <generator class="assigned" />
        </id>
        <property name="inputSupplierName" type="java.lang.String">
            <column name="input_SupplierName" not-null="true" />
        </property>
        <property name="inputInvoiceNum" type="java.lang.String">
            <column name="input_InvoiceNum" not-null="true" />
        </property>
        <property name="inputInvoiceDate" type="java.lang.String">
            <column name="input_InvoiceDate" not-null="true" />
        </property>
        <property name="inputMoney" type="java.lang.String">
            <column name="input_Money" not-null="true" />
        </property>
        <property name="inputTax" type="java.lang.String">
            <column name="input_Tax" not-null="true" />
        </property>
        <property name="inputMoneySum" type="java.lang.String">
            <column name="input_MoneySum" not-null="true" />
        </property>
        <property name="inputRemark" type="java.lang.String">
            <column name="input_Remark" />
        </property>
    </class>
</hibernate-mapping>
