<?xml version="1.0" encoding="utf-8"?>
<!DOCTYPE hibernate-mapping PUBLIC "-//Hibernate/Hibernate Mapping DTD 3.0//EN"
"http://www.hibernate.org/dtd/hibernate-mapping-3.0.dtd">
<!-- 
    Mapping file autogenerated by MyEclipse Persistence Tools
-->
<hibernate-mapping>
    <class name="com.xuan.ida.entities.DataOutput" table="DataOutput" schema="dbo" catalog="dbIDA">
        <id name="outputId" type="java.lang.String">
            <column name="output_Id" />
            <generator class="assigned" />
        </id>
        <property name="outputCustomerName" type="java.lang.String">
            <column name="output_CustomerName" not-null="true" />
        </property>
        <property name="outputCustomerArea" type="java.lang.String">
            <column name="output_CustomerArea" not-null="true" />
        </property>
        <property name="outputInvoiceNum" type="java.lang.String">
            <column name="output_InvoiceNum" not-null="true" />
        </property>
        <property name="outputInvoiceDate" type="java.lang.String">
            <column name="output_InvoiceDate" not-null="true" />
        </property>
        <property name="outputMoney" type="java.lang.String">
            <column name="output_Money" not-null="true" />
        </property>
        <property name="outputTax" type="java.lang.String">
            <column name="output_Tax" not-null="true" />
        </property>
        <property name="outputMoneySum" type="java.lang.String">
            <column name="output_MoneySum" not-null="true" />
        </property>
        <property name="outputRemark" type="java.lang.String">
            <column name="output_Remark" />
        </property>
    </class>
</hibernate-mapping>
