<?xml version="1.0" encoding="utf-8"?>
<!DOCTYPE hibernate-mapping PUBLIC "-//Hibernate/Hibernate Mapping DTD 3.0//EN"
"http://www.hibernate.org/dtd/hibernate-mapping-3.0.dtd">
<!-- 
    Mapping file autogenerated by MyEclipse Persistence Tools
-->
<hibernate-mapping>
    <class name="com.xuan.ida.entities.Manage" table="Manage" schema="dbo" catalog="dbIDA">
        <id name="manageId" type="java.lang.Integer">
            <column name="manage_Id" />
            <generator class="assigned" />
        </id>
        <property name="manageUsername" type="java.lang.String">
            <column name="manage_Username" not-null="true" />
        </property>
        <property name="managePassword" type="java.lang.String">
            <column name="manage_Password" not-null="true" />
        </property>
    </class>
</hibernate-mapping>
