<?xml version="1.0" encoding="UTF-8" ?>
<!DOCTYPE struts PUBLIC "-//Apache Software Foundation//DTD Struts Configuration 2.1//EN" "http://struts.apache.org/dtds/struts-2.1.dtd">
<struts>
	<constant name="struts.enable.DynamicMethodInvocation" value="false" />
    <constant name="struts.devMode" value="true" />
	<constant name="struts.ui.theme" value="simple" /> 
	<package name="default" namespace="/" extends="struts-default">
	
		<!-- 定义新的拦截器栈，配置 prepare 拦截器栈的 alwaysInvokePrepare 参数值为 false -->
		<interceptors>
			<interceptor-stack name="sshStack">
				<interceptor-ref name="paramsPrepareParamsStack">
					<param name="prepare.alwaysInvokePrepare">false</param>
				</interceptor-ref>
			</interceptor-stack>
		</interceptors>
		
		<!-- 使用新的拦截器栈 -->
		<default-interceptor-ref name="sshStack"></default-interceptor-ref>
		
		<action name="manage-*" class="manageAction" method="{1}">
			<result name="top">/topPages/manage-top.jsp</result>
			<result name="leftSide">/leftPages/manage-leftSide.jsp</result>
			<result name="homePage">/WEB-INF/main/manage-homePage.jsp</result>
			<result name="success">/WEB-INF/main/main.jsp</result>
			<result name="error" type="redirect">/login.jsp</result>
			
			<result name="registerSave" type="redirect">/login.jsp</result>
		</action>
		
		<action name="dataInput-*" class="dataInputAction" method="{1}">
			
			<result name="dataInput">/WEB-INF/dataInput/dataInput-dataInput.jsp</result>
			<result name="dataInput-chartInput">/WEB-INF/dataInput/dataInput-chartInput.jsp</result>
			<result name="areaPieInput">/WEB-INF/dataInput/dataInput-areaPieInput.jsp</result>
			<result name="supplierPieInput">/WEB-INF/dataInput/dataInput-supplierPieInput.jsp</result>
			<result name="seasonInput">/WEB-INF/dataInput/dataInput-seasonInput.jsp</result>
			<result name="historyInput">/WEB-INF/dataInput/dataInput-historyInput.jsp</result>
			<result name="dataInputSave" type="redirect">/dataInput-dataInput</result>
			
			
			
			
			<result type="stream" name="ajax-success">
				<param name="contentType">text/html</param>
				<param name="inputName">inputStream</param>
				
			</result>
			
		</action>
			
		<action name="dataOutput-*" class="dataOutputAction" method="{1}">
			<result name="dataInput">/WEB-INF/dataOutput/dataOutput-dataInput.jsp</result>
			<result name="dataInputSave" type="redirect">/dataOutput-dataInput</result>
			<result name="areaCustomerOutput" >/WEB-INF/dataOutput/dataOutput-areaCustomerOutput.jsp</result>
			<result name="seasonOutput">/WEB-INF/dataOutput/dataOutput-seasonOutput.jsp</result>
			<result name="keyCustomerOutput">/WEB-INF/dataOutput/dataOutput-keyCustomerOutput.jsp</result>
			
			
			<result type="stream" name="ajax-success">
				<param name="contentType">text/html</param>
				<param name="inputName">inputStream</param>
				
			</result>
		</action>
		
		
		
		
		
			
	</package>
</struts>    
